{"theta0": 8499.5996408222545, "theta1": -21.448963520172743}
