{"theta0": 8499.5996498891855, "theta1": -21.448963591356627}
